seed,pick_slot,template_resid_blend,player,pos,RecommendationRank,DecisionCandidate,DecisionEV,PolicyCompletedRooms
17,1,0.3,Bijan Robinson,RB,1,True,2185.408203125,16
17,1,0.3,Jahmyr Gibbs,RB,2,True,2182.58984375,16
17,1,0.3,Puka Nacua,WR,3,True,2174.807861328125,16
17,1,0.3,Ja'Marr Chase,WR,4,True,2172.7978515625,16
17,1,0.3,Devon Achane,RB,5,True,2164.035400390625,16
17,1,0.3,Christian Mccaffrey,RB,6,True,2164.023193359375,16
17,1,0.3,Jaxon Smith Njigba,WR,7,True,2161.15234375,16
17,1,0.3,Amon Ra St Brown,WR,8,True,2157.0458984375,16
17,1,0.3,Jonathan Taylor,RB,9,True,2156.58984375,16
17,1,0.3,Ashton Jeanty,RB,10,True,2148.033447265625,16
17,1,0.3,Ceedee Lamb,WR,11,True,2146.44384765625,16
17,1,0.3,Justin Jefferson,WR,12,True,2144.3681640625,16
17,1,0.3,Drake London,WR,13,True,2142.5263671875,16
17,1,0.3,Derrick Henry,RB,14,True,2138.669677734375,16
17,1,0.3,Nico Collins,WR,15,True,2135.558349609375,16
17,1,0.3,Saquon Barkley,RB,16,True,2134.408203125,16
17,1,0.3,Rashee Rice,WR,17,True,2133.9482421875,16
17,1,0.3,Aj Brown,WR,18,True,2128.62353515625,16
17,1,0.3,Josh Allen,QB,19,True,2109.055908203125,16
17,1,0.3,Trey Mcbride,TE,20,True,2108.64794921875,16
17,1,0.3,Brock Bowers,TE,21,True,2104.09033203125,16
17,1,0.3,Lamar Jackson,QB,22,True,2091.83154296875,16
17,1,0.3,Colston Loveland,TE,23,True,2091.341796875,16
17,1,0.3,Drake Maye,QB,24,True,2076.87744140625,16
17,1,1.0,Puka Nacua,WR,1,True,2116.6875,16
17,1,1.0,Jahmyr Gibbs,RB,2,True,2114.28857421875,16
17,1,1.0,Bijan Robinson,RB,3,True,2109.48095703125,16
17,1,1.0,Ja'Marr Chase,WR,4,True,2102.19677734375,16
17,1,1.0,Jaxon Smith Njigba,WR,5,True,2097.792236328125,16
17,1,1.0,Jonathan Taylor,RB,6,True,2093.79296875,16
17,1,1.0,Amon Ra St Brown,WR,7,True,2092.113037109375,16
17,1,1.0,Christian Mccaffrey,RB,8,True,2088.076416015625,16
17,1,1.0,Ashton Jeanty,RB,9,True,2081.239990234375,16
17,1,1.0,Justin Jefferson,WR,10,True,2081.23876953125,16
17,1,1.0,Drake London,WR,11,True,2078.250732421875,16
17,1,1.0,Ceedee Lamb,WR,12,True,2077.008544921875,16
17,1,1.0,Saquon Barkley,RB,13,True,2073.20263671875,16
17,1,1.0,Rashee Rice,WR,14,True,2071.859130859375,16
17,1,1.0,Omarion Hampton,RB,15,True,2066.94677734375,16
17,1,1.0,Chase Brown,RB,16,True,2061.169921875,16
17,1,1.0,Nico Collins,WR,17,True,2059.817626953125,16
17,1,1.0,Trey Mcbride,TE,18,True,2059.244140625,16
17,1,1.0,Aj Brown,WR,19,True,2058.537109375,16
17,1,1.0,Josh Allen,QB,20,True,2044.6199951171875,16
17,1,1.0,Lamar Jackson,QB,21,True,2034.4814453125,16
17,1,1.0,Brock Bowers,TE,22,True,2027.290771484375,16
17,1,1.0,Colston Loveland,TE,23,True,2021.67724609375,16
17,1,1.0,Trevor Lawrence,QB,24,True,2010.069580078125,16
17,6,0.3,Devon Achane,RB,1,True,2182.620849609375,16
17,6,0.3,Drake London,WR,2,True,2170.464111328125,16
17,6,0.3,James Cook,RB,3,True,2168.74267578125,16
17,6,0.3,Jaxon Smith Njigba,WR,4,True,2167.13427734375,16
17,6,0.3,Jonathan Taylor,RB,5,True,2166.638427734375,16
17,6,0.3,Chase Brown,RB,6,True,2165.587646484375,16
17,6,0.3,Ashton Jeanty,RB,7,True,2161.172119140625,16
17,6,0.3,Saquon Barkley,RB,8,True,2158.93017578125,16
17,6,0.3,Amon Ra St Brown,WR,9,True,2156.21826171875,16
17,6,0.3,Justin Jefferson,WR,10,True,2155.1728515625,16
17,6,0.3,Omarion Hampton,RB,11,True,2154.35009765625,16
17,6,0.3,Kenneth Walker,RB,12,True,2153.936767578125,16
17,6,0.3,Ceedee Lamb,WR,13,True,2148.4521484375,16
17,6,0.3,George Pickens,WR,14,True,2142.384033203125,16
17,6,0.3,Aj Brown,WR,15,True,2142.248291015625,16
17,6,0.3,Nico Collins,WR,16,True,2141.3046875,16
17,6,0.3,Rashee Rice,WR,17,True,2133.718017578125,16
17,6,0.3,Devonta Smith,WR,18,True,2130.40380859375,16
17,6,0.3,Josh Allen,QB,19,True,2124.273193359375,16
17,6,0.3,Trey Mcbride,TE,20,True,2117.29931640625,16
17,6,0.3,Brock Bowers,TE,21,True,2111.778076171875,16
17,6,0.3,Lamar Jackson,QB,22,True,2110.278076171875,16
17,6,0.3,Colston Loveland,TE,23,True,2106.33349609375,16
17,6,0.3,Patrick Mahomes,QB,24,True,2103.1279296875,16
17,6,1.0,Ashton Jeanty,RB,1,True,2181.99609375,16
17,6,1.0,James Cook,RB,2,True,2173.93603515625,16
17,6,1.0,Jaxon Smith Njigba,WR,3,True,2173.64404296875,16
17,6,1.0,Jonathan Taylor,RB,4,True,2173.552734375,16
17,6,1.0,Devon Achane,RB,5,True,2172.7568359375,16
17,6,1.0,Drake London,WR,6,True,2170.91552734375,16
17,6,1.0,Amon Ra St Brown,WR,7,True,2170.508544921875,16
17,6,1.0,Saquon Barkley,RB,8,True,2169.88134765625,16
17,6,1.0,Ceedee Lamb,WR,9,True,2164.38916015625,16
17,6,1.0,Justin Jefferson,WR,10,True,2163.5,16
17,6,1.0,Chase Brown,RB,11,True,2163.04736328125,16
17,6,1.0,Omarion Hampton,RB,12,True,2160.708984375,16
17,6,1.0,Rashee Rice,WR,13,True,2159.66162109375,16
17,6,1.0,Kenneth Walker,RB,14,True,2157.3056640625,16
17,6,1.0,Aj Brown,WR,15,True,2155.99755859375,16
17,6,1.0,George Pickens,WR,16,True,2151.59228515625,16
17,6,1.0,Nico Collins,WR,17,True,2145.96484375,16
17,6,1.0,Devonta Smith,WR,18,True,2143.091796875,16
17,6,1.0,Trey Mcbride,TE,19,True,2126.82080078125,16
17,6,1.0,Josh Allen,QB,20,True,2124.05712890625,16
17,6,1.0,Colston Loveland,TE,21,True,2121.947021484375,16
17,6,1.0,Lamar Jackson,QB,22,True,2121.71826171875,16
17,6,1.0,Brock Bowers,TE,23,True,2118.547119140625,16
17,6,1.0,Jaxson Dart,QB,24,True,2109.046142578125,16
17,12,0.3,Devon Achane,RB,1,True,2144.673828125,16
17,12,0.3,Drake London,WR,2,True,2134.41064453125,16
17,12,0.3,Omarion Hampton,RB,3,True,2125.617919921875,16
17,12,0.3,Chase Brown,RB,4,True,2124.18896484375,16
17,12,0.3,George Pickens,WR,5,True,2121.769775390625,16
17,12,0.3,Jeremiyah Love,RB,6,True,2121.55126953125,16
17,12,0.3,Ashton Jeanty,RB,7,True,2121.541748046875,16
17,12,0.3,Saquon Barkley,RB,8,True,2119.4189453125,16
17,12,0.3,Nico Collins,WR,9,True,2118.439208984375,16
17,12,0.3,Derrick Henry,RB,10,True,2117.5966796875,16
17,12,0.3,Kenneth Walker,RB,11,True,2117.5966796875,16
17,12,0.3,Aj Brown,WR,12,True,2116.291259765625,16
17,12,0.3,Rashee Rice,WR,13,True,2116.1875,16
17,12,0.3,Emeka Egbuka,WR,14,True,2114.45849609375,16
17,12,0.3,Tet Mcmillan,WR,15,True,2112.68017578125,16
17,12,0.3,Garrett Wilson,WR,16,True,2110.78955078125,16
17,12,0.3,Ladd Mcconkey,WR,17,True,2108.30126953125,16
17,12,0.3,Tee Higgins,WR,18,True,2108.058349609375,16
17,12,0.3,Trey Mcbride,TE,19,True,2092.755859375,16
17,12,0.3,Josh Allen,QB,20,True,2091.132568359375,16
17,12,0.3,Brock Bowers,TE,21,True,2088.625,16
17,12,0.3,Colston Loveland,TE,22,True,2087.2685546875,16
17,12,0.3,Lamar Jackson,QB,23,True,2074.638671875,16
17,12,0.3,Joe Burrow,QB,24,True,2065.60791015625,16
17,12,1.0,Omarion Hampton,RB,1,True,2152.908203125,16
17,12,1.0,Drake London,WR,2,True,2151.951171875,16
17,12,1.0,Ashton Jeanty,RB,3,True,2150.216552734375,16
17,12,1.0,Jeremiyah Love,RB,4,True,2147.955078125,16
17,12,1.0,Derrick Henry,RB,5,True,2147.598876953125,16
17,12,1.0,Saquon Barkley,RB,6,True,2139.642578125,16
17,12,1.0,Devon Achane,RB,7,True,2138.5791015625,16
17,12,1.0,Chase Brown,RB,8,True,2138.5791015625,16
17,12,1.0,Aj Brown,WR,9,True,2135.75927734375,16
17,12,1.0,George Pickens,WR,10,True,2131.62158203125,16
17,12,1.0,Kenneth Walker,RB,11,True,2131.3720703125,16
17,12,1.0,Nico Collins,WR,12,True,2129.6083984375,16
17,12,1.0,Rashee Rice,WR,13,True,2128.12548828125,16
17,12,1.0,Ladd Mcconkey,WR,14,True,2128.044921875,16
17,12,1.0,Tet Mcmillan,WR,15,True,2126.370849609375,16
17,12,1.0,Emeka Egbuka,WR,16,True,2121.9287109375,16
17,12,1.0,Garrett Wilson,WR,17,True,2116.2353515625,16
17,12,1.0,Tee Higgins,WR,18,True,2112.77490234375,16
17,12,1.0,Josh Allen,QB,19,True,2109.983642578125,16
17,12,1.0,Lamar Jackson,QB,20,True,2106.647705078125,16
17,12,1.0,Trey Mcbride,TE,21,True,2105.43994140625,16
17,12,1.0,Brock Bowers,TE,22,True,2102.875732421875,16
17,12,1.0,Tyler Warren,TE,23,True,2102.712158203125,16
17,12,1.0,Jared Goff,QB,24,True,2089.273193359375,16
1017,1,0.3,Jahmyr Gibbs,RB,1,True,2192.9755859375,16
1017,1,0.3,Bijan Robinson,RB,2,True,2188.193603515625,16
1017,1,0.3,Puka Nacua,WR,3,True,2172.7060546875,16
1017,1,0.3,Christian Mccaffrey,RB,4,True,2166.826171875,16
1017,1,0.3,Ja'Marr Chase,WR,5,True,2163.98974609375,16
1017,1,0.3,Jonathan Taylor,RB,6,True,2160.7861328125,16
1017,1,0.3,Jaxon Smith Njigba,WR,7,True,2157.0390625,16
1017,1,0.3,Devon Achane,RB,8,True,2153.93994140625,16
1017,1,0.3,Amon Ra St Brown,WR,9,True,2149.369873046875,16
1017,1,0.3,Ceedee Lamb,WR,10,True,2148.109375,16
1017,1,0.3,Justin Jefferson,WR,11,True,2140.9853515625,16
1017,1,0.3,Saquon Barkley,RB,12,True,2139.79931640625,16
1017,1,0.3,Chase Brown,RB,13,True,2137.42578125,16
1017,1,0.3,Drake London,WR,14,True,2135.205810546875,16
1017,1,0.3,Nico Collins,WR,15,True,2128.650634765625,16
1017,1,0.3,Aj Brown,WR,16,True,2125.2529296875,16
1017,1,0.3,Omarion Hampton,RB,17,True,2123.81005859375,16
1017,1,0.3,George Pickens,WR,18,True,2115.324951171875,16
1017,1,0.3,Trey Mcbride,TE,19,True,2102.02880859375,16
1017,1,0.3,Josh Allen,QB,20,True,2099.5908203125,16
1017,1,0.3,Jayden Daniels,QB,21,True,2090.28173828125,16
1017,1,0.3,Brock Bowers,TE,22,True,2088.9072265625,16
1017,1,0.3,Harold Fannin,TE,23,True,2071.6552734375,16
1017,1,0.3,Lamar Jackson,QB,24,True,2068.39453125,16
1017,1,1.0,Puka Nacua,WR,1,True,2165.55908203125,16
1017,1,1.0,Jahmyr Gibbs,RB,2,True,2163.34326171875,16
1017,1,1.0,Bijan Robinson,RB,3,True,2160.6396484375,16
1017,1,1.0,Jaxon Smith Njigba,WR,4,True,2146.0517578125,16
1017,1,1.0,Ja'Marr Chase,WR,5,True,2145.419921875,16
1017,1,1.0,Christian Mccaffrey,RB,6,True,2144.515380859375,16
1017,1,1.0,Jonathan Taylor,RB,7,True,2141.98876953125,16
1017,1,1.0,Amon Ra St Brown,WR,8,True,2136.78564453125,16
1017,1,1.0,Devon Achane,RB,9,True,2135.30810546875,16
1017,1,1.0,Ceedee Lamb,WR,10,True,2131.61279296875,16
1017,1,1.0,Chase Brown,RB,11,True,2129.30029296875,16
1017,1,1.0,Drake London,WR,12,True,2128.841552734375,16
1017,1,1.0,Justin Jefferson,WR,13,True,2124.36669921875,16
1017,1,1.0,Saquon Barkley,RB,14,True,2121.92626953125,16
1017,1,1.0,Derrick Henry,RB,15,True,2116.6201171875,16
1017,1,1.0,George Pickens,WR,16,True,2115.2373046875,16
1017,1,1.0,Aj Brown,WR,17,True,2114.418212890625,16
1017,1,1.0,Nico Collins,WR,18,True,2110.717529296875,16
1017,1,1.0,Trey Mcbride,TE,19,True,2104.5322265625,16
1017,1,1.0,Josh Allen,QB,20,True,2093.25537109375,16
1017,1,1.0,Brock Bowers,TE,21,True,2083.60986328125,16
1017,1,1.0,Jayden Daniels,QB,22,True,2078.78955078125,16
1017,1,1.0,Lamar Jackson,QB,23,True,2064.635986328125,16
1017,1,1.0,Travis Kelce,TE,24,True,2058.01025390625,16
1017,6,0.3,Jaxon Smith Njigba,WR,1,True,2194.5126953125,16
1017,6,0.3,Amon Ra St Brown,WR,2,True,2187.8505859375,16
1017,6,0.3,Ashton Jeanty,RB,3,True,2183.74267578125,16
1017,6,0.3,Jonathan Taylor,RB,4,True,2183.13427734375,16
1017,6,0.3,Justin Jefferson,WR,5,True,2177.78125,16
1017,6,0.3,Devon Achane,RB,6,True,2176.0185546875,16
1017,6,0.3,Chase Brown,RB,7,True,2175.929931640625,16
1017,6,0.3,Ceedee Lamb,WR,8,True,2173.443359375,16
1017,6,0.3,James Cook,RB,9,True,2168.564453125,16
1017,6,0.3,Drake London,WR,10,True,2168.514404296875,16
1017,6,0.3,Rashee Rice,WR,11,True,2164.640625,16
1017,6,0.3,Kenneth Walker,RB,12,True,2163.85107421875,16
1017,6,0.3,Nico Collins,WR,13,True,2161.07666015625,16
1017,6,0.3,Saquon Barkley,RB,14,True,2160.2705078125,16
1017,6,0.3,Omarion Hampton,RB,15,True,2158.08349609375,16
1017,6,0.3,George Pickens,WR,16,True,2157.59521484375,16
1017,6,0.3,Aj Brown,WR,17,True,2156.051513671875,16
1017,6,0.3,Devonta Smith,WR,18,True,2152.38916015625,16
1017,6,0.3,Josh Allen,QB,19,True,2140.412841796875,16
1017,6,0.3,Brock Bowers,TE,20,True,2131.204833984375,16
1017,6,0.3,Trey Mcbride,TE,21,True,2130.361328125,16
1017,6,0.3,Drake Maye,QB,22,True,2130.23486328125,16
1017,6,0.3,Lamar Jackson,QB,23,True,2123.76416015625,16
1017,6,0.3,Harold Fannin,TE,24,True,2102.865234375,16
1017,6,1.0,Jaxon Smith Njigba,WR,1,True,2160.20361328125,16
1017,6,1.0,Ceedee Lamb,WR,2,True,2139.68798828125,16
1017,6,1.0,Justin Jefferson,WR,3,True,2138.821044921875,16
1017,6,1.0,Amon Ra St Brown,WR,4,True,2137.77685546875,16
1017,6,1.0,Rashee Rice,WR,5,True,2136.98876953125,16
1017,6,1.0,Ashton Jeanty,RB,6,True,2136.270263671875,16
1017,6,1.0,Kenneth Walker,RB,7,True,2132.99609375,16
1017,6,1.0,Jonathan Taylor,RB,8,True,2132.2861328125,16
1017,6,1.0,George Pickens,WR,9,True,2129.39697265625,16
1017,6,1.0,Drake London,WR,10,True,2126.78173828125,16
1017,6,1.0,Devon Achane,RB,11,True,2124.69921875,16
1017,6,1.0,Saquon Barkley,RB,12,True,2124.419189453125,16
1017,6,1.0,Omarion Hampton,RB,13,True,2124.19091796875,16
1017,6,1.0,Chase Brown,RB,14,True,2123.45458984375,16
1017,6,1.0,Devonta Smith,WR,15,True,2122.739013671875,16
1017,6,1.0,Nico Collins,WR,16,True,2121.15087890625,16
1017,6,1.0,James Cook,RB,17,True,2118.057373046875,16
1017,6,1.0,Aj Brown,WR,18,True,2117.002197265625,16
1017,6,1.0,Josh Allen,QB,19,True,2107.84716796875,16
1017,6,1.0,Trey Mcbride,TE,20,True,2099.343505859375,16
1017,6,1.0,Drake Maye,QB,21,True,2091.146240234375,16
1017,6,1.0,Brock Bowers,TE,22,True,2087.0537109375,16
1017,6,1.0,Bo Nix,QB,23,True,2084.10009765625,16
1017,6,1.0,Tyler Warren,TE,24,True,2070.94873046875,16
1017,12,0.3,Drake London,WR,1,True,2174.56787109375,16
1017,12,0.3,James Cook,RB,2,True,2168.284423828125,16
1017,12,0.3,Derrick Henry,RB,3,True,2163.974365234375,16
1017,12,0.3,Nico Collins,WR,4,True,2162.6904296875,16
1017,12,0.3,Rashee Rice,WR,5,True,2160.477783203125,16
1017,12,0.3,Chris Olave,WR,6,True,2160.301513671875,16
1017,12,0.3,Devonta Smith,WR,7,True,2159.0439453125,16
1017,12,0.3,Chase Brown,RB,8,True,2158.173828125,16
1017,12,0.3,Garrett Wilson,WR,9,True,2157.716064453125,16
1017,12,0.3,Tet Mcmillan,WR,10,True,2156.94873046875,16
1017,12,0.3,Aj Brown,WR,11,True,2154.80126953125,16
1017,12,0.3,George Pickens,WR,12,True,2154.2041015625,16
1017,12,0.3,Saquon Barkley,RB,13,True,2152.07958984375,16
1017,12,0.3,Omarion Hampton,RB,14,True,2151.408203125,16
1017,12,0.3,Malik Nabers,WR,15,True,2150.01953125,16
1017,12,0.3,Devon Achane,RB,16,True,2147.81884765625,16
1017,12,0.3,Kenneth Walker,RB,17,True,2147.81884765625,16
1017,12,0.3,Josh Jacobs,RB,18,True,2145.4248046875,16
1017,12,0.3,Josh Allen,QB,19,True,2132.0458984375,16
1017,12,0.3,Trey Mcbride,TE,20,True,2126.6083984375,16
1017,12,0.3,Brock Bowers,TE,21,True,2119.62548828125,16
1017,12,0.3,Jalen Hurts,QB,22,True,2113.17724609375,16
1017,12,0.3,Drake Maye,QB,23,True,2108.7548828125,16
1017,12,0.3,Sam Laporta,TE,24,True,2100.47900390625,16
1017,12,1.0,Kenneth Walker,RB,1,True,2146.16796875,16
1017,12,1.0,Devon Achane,RB,2,True,2146.16796875,16
1017,12,1.0,James Cook,RB,3,True,2144.4755859375,16
1017,12,1.0,Drake London,WR,4,True,2139.998046875,16
1017,12,1.0,Omarion Hampton,RB,5,True,2135.04541015625,16
1017,12,1.0,Derrick Henry,RB,6,True,2132.8798828125,16
1017,12,1.0,Chase Brown,RB,7,True,2130.650146484375,16
1017,12,1.0,Jeremiyah Love,RB,8,True,2129.749267578125,16
1017,12,1.0,Saquon Barkley,RB,9,True,2127.8857421875,16
1017,12,1.0,Tet Mcmillan,WR,10,True,2121.671875,16
1017,12,1.0,Nico Collins,WR,11,True,2121.53662109375,16
1017,12,1.0,Rashee Rice,WR,12,True,2121.11572265625,16
1017,12,1.0,Chris Olave,WR,13,True,2120.73876953125,16
1017,12,1.0,Aj Brown,WR,14,True,2119.1630859375,16
1017,12,1.0,Ladd Mcconkey,WR,15,True,2117.28076171875,16
1017,12,1.0,Devonta Smith,WR,16,True,2115.4423828125,16
1017,12,1.0,Emeka Egbuka,WR,17,True,2112.164306640625,16
1017,12,1.0,Trey Mcbride,TE,18,True,2105.841796875,16
1017,12,1.0,Garrett Wilson,WR,19,True,2104.359375,16
1017,12,1.0,Josh Allen,QB,20,True,2100.224609375,16
1017,12,1.0,Jalen Hurts,QB,21,True,2088.2421875,16
1017,12,1.0,Brock Bowers,TE,22,True,2086.193359375,16
1017,12,1.0,Colston Loveland,TE,23,True,2084.18408203125,16
1017,12,1.0,Bo Nix,QB,24,True,2072.858154296875,16
2017,1,0.3,Bijan Robinson,RB,1,True,2186.8583984375,16
2017,1,0.3,Jahmyr Gibbs,RB,2,True,2179.974609375,16
2017,1,0.3,Puka Nacua,WR,3,True,2178.366943359375,16
2017,1,0.3,Ja'Marr Chase,WR,4,True,2165.014404296875,16
2017,1,0.3,Jaxon Smith Njigba,WR,5,True,2162.103515625,16
2017,1,0.3,Jonathan Taylor,RB,6,True,2160.60400390625,16
2017,1,0.3,Saquon Barkley,RB,7,True,2156.589111328125,16
2017,1,0.3,Devon Achane,RB,8,True,2155.048583984375,16
2017,1,0.3,Christian Mccaffrey,RB,9,True,2152.24755859375,16
2017,1,0.3,Ashton Jeanty,RB,10,True,2149.55517578125,16
2017,1,0.3,Amon Ra St Brown,WR,11,True,2148.580810546875,16
2017,1,0.3,Justin Jefferson,WR,12,True,2144.08935546875,16
2017,1,0.3,Omarion Hampton,RB,13,True,2143.5283203125,16
2017,1,0.3,Drake London,WR,14,True,2141.80810546875,16
2017,1,0.3,Ceedee Lamb,WR,15,True,2140.50537109375,16
2017,1,0.3,George Pickens,WR,16,True,2140.4736328125,16
2017,1,0.3,Nico Collins,WR,17,True,2136.48046875,16
2017,1,0.3,Aj Brown,WR,18,True,2128.3330078125,16
2017,1,0.3,Josh Allen,QB,19,True,2127.21533203125,16
2017,1,0.3,Dak Prescott,QB,20,True,2124.56591796875,16
2017,1,0.3,Caleb Williams,QB,21,True,2119.42529296875,16
2017,1,0.3,Brock Bowers,TE,22,True,2105.6005859375,16
2017,1,0.3,Trey Mcbride,TE,23,True,2100.00244140625,16
2017,1,0.3,Tyler Warren,TE,24,True,2095.2958984375,16
2017,1,1.0,Puka Nacua,WR,1,True,2163.55859375,16
2017,1,1.0,Jahmyr Gibbs,RB,2,True,2155.169921875,16
2017,1,1.0,Bijan Robinson,RB,3,True,2152.714111328125,16
2017,1,1.0,Ja'Marr Chase,WR,4,True,2149.892578125,16
2017,1,1.0,Jaxon Smith Njigba,WR,5,True,2143.849609375,16
2017,1,1.0,Justin Jefferson,WR,6,True,2135.0888671875,16
2017,1,1.0,Amon Ra St Brown,WR,7,True,2133.8037109375,16
2017,1,1.0,Jonathan Taylor,RB,8,True,2129.057373046875,16
2017,1,1.0,George Pickens,WR,9,True,2125.799072265625,16
2017,1,1.0,Ceedee Lamb,WR,10,True,2125.7958984375,16
2017,1,1.0,Drake London,WR,11,True,2123.8232421875,16
2017,1,1.0,Nico Collins,WR,12,True,2121.6123046875,16
2017,1,1.0,Devon Achane,RB,13,True,2120.95947265625,16
2017,1,1.0,Saquon Barkley,RB,14,True,2118.37744140625,16
2017,1,1.0,Aj Brown,WR,15,True,2112.15380859375,16
2017,1,1.0,Ashton Jeanty,RB,16,True,2110.704345703125,16
2017,1,1.0,Chase Brown,RB,17,True,2108.725341796875,16
2017,1,1.0,Derrick Henry,RB,18,True,2108.232177734375,16
2017,1,1.0,Brock Bowers,TE,19,True,2087.576171875,16
2017,1,1.0,Trey Mcbride,TE,20,True,2084.917724609375,16
2017,1,1.0,Lamar Jackson,QB,21,True,2082.4423828125,16
2017,1,1.0,Josh Allen,QB,22,True,2081.57275390625,16
2017,1,1.0,Jared Goff,QB,23,True,2074.19384765625,16
2017,1,1.0,Kyle Pitts,TE,24,True,2069.85986328125,16
2017,6,0.3,Jaxon Smith Njigba,WR,1,True,2174.0751953125,16
2017,6,0.3,Jonathan Taylor,RB,2,True,2169.62109375,16
2017,6,0.3,Devon Achane,RB,3,True,2167.1904296875,16
2017,6,0.3,Amon Ra St Brown,WR,4,True,2166.7353515625,16
2017,6,0.3,Drake London,WR,5,True,2160.751220703125,16
2017,6,0.3,Ceedee Lamb,WR,6,True,2158.806640625,16
2017,6,0.3,Justin Jefferson,WR,7,True,2158.2158203125,16
2017,6,0.3,Saquon Barkley,RB,8,True,2155.29541015625,16
2017,6,0.3,James Cook,RB,9,True,2154.43505859375,16
2017,6,0.3,Ashton Jeanty,RB,10,True,2153.103515625,16
2017,6,0.3,Aj Brown,WR,11,True,2150.798095703125,16
2017,6,0.3,George Pickens,WR,12,True,2149.43359375,16
2017,6,0.3,Nico Collins,WR,13,True,2146.12255859375,16
2017,6,0.3,Kenneth Walker,RB,14,True,2145.316162109375,16
2017,6,0.3,Omarion Hampton,RB,15,True,2145.010986328125,16
2017,6,0.3,Chase Brown,RB,16,True,2141.634765625,16
2017,6,0.3,Rashee Rice,WR,17,True,2139.557373046875,16
2017,6,0.3,Emeka Egbuka,WR,18,True,2136.121826171875,16
2017,6,0.3,Brock Bowers,TE,19,True,2129.39599609375,16
2017,6,0.3,Josh Allen,QB,20,True,2107.77490234375,16
2017,6,0.3,Jayden Daniels,QB,21,True,2106.954345703125,16
2017,6,0.3,Trey Mcbride,TE,22,True,2106.5732421875,16
2017,6,0.3,Tyler Warren,TE,23,True,2099.04931640625,16
2017,6,0.3,Joe Burrow,QB,24,True,2096.85595703125,16
2017,6,1.0,Jaxon Smith Njigba,WR,1,True,2193.7080078125,16
2017,6,1.0,Amon Ra St Brown,WR,2,True,2189.417236328125,16
2017,6,1.0,Ceedee Lamb,WR,3,True,2186.15673828125,16
2017,6,1.0,Jonathan Taylor,RB,4,True,2186.03125,16
2017,6,1.0,Justin Jefferson,WR,5,True,2183.25830078125,16
2017,6,1.0,Drake London,WR,6,True,2182.66357421875,16
2017,6,1.0,James Cook,RB,7,True,2179.318359375,16
2017,6,1.0,Devon Achane,RB,8,True,2175.95361328125,16
2017,6,1.0,Ashton Jeanty,RB,9,True,2173.40185546875,16
2017,6,1.0,George Pickens,WR,10,True,2168.98095703125,16
2017,6,1.0,Chase Brown,RB,11,True,2167.1015625,16
2017,6,1.0,Rashee Rice,WR,12,True,2167.0,16
2017,6,1.0,Aj Brown,WR,13,True,2166.536376953125,16
2017,6,1.0,Omarion Hampton,RB,14,True,2162.256103515625,16
2017,6,1.0,Saquon Barkley,RB,15,True,2158.9755859375,16
2017,6,1.0,Devonta Smith,WR,16,True,2157.46728515625,16
2017,6,1.0,Kenneth Walker,RB,17,True,2153.343994140625,16
2017,6,1.0,Nico Collins,WR,18,True,2152.851318359375,16
2017,6,1.0,Josh Allen,QB,19,True,2138.47802734375,16
2017,6,1.0,Brock Bowers,TE,20,True,2129.89990234375,16
2017,6,1.0,Trey Mcbride,TE,21,True,2128.222900390625,16
2017,6,1.0,Jayden Daniels,QB,22,True,2125.771728515625,16
2017,6,1.0,Lamar Jackson,QB,23,True,2118.8291015625,16
2017,6,1.0,Kyle Pitts,TE,24,True,2103.568359375,16
2017,12,0.3,Devon Achane,RB,1,True,2165.708984375,16
2017,12,0.3,Ceedee Lamb,WR,2,True,2161.5478515625,16
2017,12,0.3,Kenneth Walker,RB,3,True,2156.1142578125,16
2017,12,0.3,Ashton Jeanty,RB,4,True,2156.1142578125,16
2017,12,0.3,Drake London,WR,5,True,2155.62548828125,16
2017,12,0.3,Omarion Hampton,RB,6,True,2150.10400390625,16
2017,12,0.3,Chase Brown,RB,7,True,2148.4677734375,16
2017,12,0.3,Aj Brown,WR,8,True,2146.779296875,16
2017,12,0.3,Derrick Henry,RB,9,True,2146.135009765625,16
2017,12,0.3,Jeremiyah Love,RB,10,True,2144.454833984375,16
2017,12,0.3,Rashee Rice,WR,11,True,2143.6787109375,16
2017,12,0.3,George Pickens,WR,12,True,2142.401123046875,16
2017,12,0.3,Ladd Mcconkey,WR,13,True,2141.19189453125,16
2017,12,0.3,Devonta Smith,WR,14,True,2137.64306640625,16
2017,12,0.3,Garrett Wilson,WR,15,True,2136.2548828125,16
2017,12,0.3,Breece Hall,RB,16,True,2132.86962890625,16
2017,12,0.3,Emeka Egbuka,WR,17,True,2130.5908203125,16
2017,12,0.3,Malik Nabers,WR,18,True,2121.35107421875,16
2017,12,0.3,Trey Mcbride,TE,19,True,2121.1416015625,16
2017,12,0.3,Brock Bowers,TE,20,True,2117.2353515625,16
2017,12,0.3,Josh Allen,QB,21,True,2115.70263671875,16
2017,12,0.3,Jalen Hurts,QB,22,True,2113.7392578125,16
2017,12,0.3,Tyler Warren,TE,23,True,2108.328125,16
2017,12,0.3,Dak Prescott,QB,24,True,2101.69580078125,16
2017,12,1.0,Drake London,WR,1,True,2150.552001953125,16
2017,12,1.0,Ceedee Lamb,WR,2,True,2149.62255859375,16
2017,12,1.0,Devon Achane,RB,3,True,2140.1728515625,16
2017,12,1.0,Ashton Jeanty,RB,4,True,2139.3251953125,16
2017,12,1.0,Chase Brown,RB,5,True,2136.906494140625,16
2017,12,1.0,Rashee Rice,WR,6,True,2136.7001953125,16
2017,12,1.0,Aj Brown,WR,7,True,2135.314697265625,16
2017,12,1.0,Omarion Hampton,RB,8,True,2131.69384765625,16
2017,12,1.0,George Pickens,WR,9,True,2128.76953125,16
2017,12,1.0,Jeremiyah Love,RB,10,True,2128.07275390625,16
2017,12,1.0,Ladd Mcconkey,WR,11,True,2127.824951171875,16
2017,12,1.0,Garrett Wilson,WR,12,True,2126.156005859375,16
2017,12,1.0,Malik Nabers,WR,13,True,2125.64404296875,16
2017,12,1.0,Chris Olave,WR,14,True,2123.5546875,16
2017,12,1.0,Derrick Henry,RB,15,True,2122.88623046875,16
2017,12,1.0,Breece Hall,RB,16,True,2120.9716796875,16
2017,12,1.0,Zay Flowers,WR,17,True,2119.83984375,16
2017,12,1.0,Kenneth Walker,RB,18,True,2102.2666015625,16
2017,12,1.0,Trey Mcbride,TE,19,True,2102.2666015625,16
2017,12,1.0,Josh Allen,QB,20,True,2097.8857421875,16
2017,12,1.0,Brock Bowers,TE,21,True,2095.29931640625,16
2017,12,1.0,Jalen Hurts,QB,22,True,2083.985107421875,16
2017,12,1.0,Dak Prescott,QB,23,True,2079.292724609375,16
2017,12,1.0,Tyler Warren,TE,24,True,2055.48486328125,16
